-500000000000000192,-500000000000000128,-1114,-1487,-1702,-500000000000000192,-500000000000000064
-500000000000000128,-1126,-1218,-1308,-1562,-500000000000000064,-500000000000000064
-500000000000000064,-1045,-1124,-1439,-1573,-500000000000000064,-500000000000000064
-1111,-1133,-1147,-1323,-1668,-500000000000000064,-500000000000000064
-917,-1087,0,-1296,-1553,-500000000000000064,-500000000000000064
-1008,-1053,-1258,-1366,-1582,-500000000000000000,-500000000000000128
-890,-1020,-1141,-1333,-1562,-500000000000000064,-500000000000000128
-877,-1014,0,-1329,-1585,-500000000000000064,-500000000000000000
-1042,-1082,-1237,-1290,-1602,0,-500000000000000128
-855,-1148,-1279,-1473,-1626,-500000000000000064,-500000000000000192
-908,-1077,-1193,-1580,-1709,-500000000000000192,-500000000000000000
0,-1058,-1265,-1369,-1638,-500000000000000064,-500000000000000000
-1163,-1155,-1173,-1346,-1606,-500000000000000000,-500000000000000192
-874,-1109,-1120,-1351,-1610,-500000000000000000,-500000000000000128
-845,-1044,-1130,-1276,-1600,-500000000000000064,-500000000000000000
-998,-1045,-1127,-1396,-1552,-500000000000000064,-500000000000000128
-941,-1161,-1128,0,-1555,-500000000000000064,-500000000000000064
-890,-1067,-1187,-1441,-1560,-500000000000000064,-500000000000000064
-847,-1089,-1113,-1279,-1630,-500000000000000000,-500000000000000192
-870,-1063,-1207,0,-1674,-500000000000000064,-500000000000000064
-853,-1010,-1106,-1363,-1639,-500000000000000064,-500000000000000064
-900,-1014,-1118,-1385,-1651,-500000000000000064,-500000000000000000
-910,-1069,-1100,-1374,-1620,-500000000000000128,-500000000000000064
-869,-1072,-1119,-1444,-1607,-500000000000000064,-500000000000000064
-904,-1016,-1161,-1382,-1560,-500000000000000000,-500000000000000064
-901,-1002,-1250,-1362,-1648,-500000000000000000,-500000000000000064
-865,-1052,-1139,-1415,-500000000000000064,-500000000000000064,-500000000000000128
-903,-1025,-1173,-1372,-500000000000000128,-500000000000000064,-500000000000000128
-861,-1063,-1141,-500000000000000064,-500000000000000000,-500000000000000064,-500000000000000064
-879,-973,-1169,-500000000000000064,-500000000000000064,-500000000000000064,-500000000000000000
-866,-975,-1154,-500000000000000000,-500000000000000064,-500000000000000064,-500000000000000064
-500000000000000256,-500000000000000128,-1285,-1306,-1338,-500000000000000000,-500000000000000064
-500000000000000192,-767,-1248,-1180,-1341,-500000000000000128,-500000000000000192
-500000000000000192,-803,-1185,-1280,-1406,-500000000000000000,-500000000000000000
-641,-1110,-1064,-1107,-1572,-500000000000000000,-500000000000000064
-1011,-764,-1088,-1049,-1339,-500000000000000064,-500000000000000128
-980,-836,-1054,-1183,-1346,-500000000000000128,-500000000000000064
-759,-817,-1104,-1147,-1532,-500000000000000000,-500000000000000128
-641,-1055,-1043,-1140,-1355,-500000000000000064,-500000000000000192
-627,-850,-851,-1097,-1333,-500000000000000064,-500000000000000064
-647,-877,-857,-1137,-1355,-500000000000000128,-500000000000000128
-593,-878,-872,-1141,-1339,-500000000000000000,-500000000000000192
-658,-880,-860,-1122,-1340,-500000000000000000,-500000000000000064
-629,-909,-930,-1084,-1347,-500000000000000000,-500000000000000064
-638,-846,-814,-1121,-1413,-500000000000000064,-500000000000000000
-556,-847,-873,-1167,-1450,-500000000000000064,-500000000000000128
-640,-798,-830,-1092,-1297,-500000000000000128,-500000000000000064
-628,-820,-942,-1141,-1430,-500000000000000064,-500000000000000064
-690,-838,-825,-1262,-1420,-500000000000000000,-500000000000000064
-639,-771,-865,-1242,-1429,-500000000000000128,-500000000000000064
-684,-881,-1026,-1118,-1417,-500000000000000064,-500000000000000000
-577,-784,-876,-1161,-1411,-500000000000000064,-500000000000000064
-600,-783,-904,-1222,-1346,-500000000000000064,-500000000000000000
-729,-760,-872,-1133,-1429,-500000000000000000,-500000000000000000
-638,-751,-839,-1093,-1476,-500000000000000064,-500000000000000000
-593,-806,-864,-1097,-1285,-500000000000000064,-500000000000000128
-589,-805,-938,-1093,-500000000000000064,-500000000000000000,-500000000000000064
-653,-815,-814,-1169,-500000000000000064,-500000000000000000,-500000000000000000
-620,-888,-851,-1171,-500000000000000000,-500000000000000064,-500000000000000064
-636,-825,-910,-500000000000000000,-500000000000000064,-500000000000000064,-500000000000000064
-625,-954,-812,-500000000000000128,-500000000000000064,-500000000000000000,-500000000000000064
-634,-828,-825,-500000000000000064,-500000000000000064,-500000000000000064,-500000000000000064
-500000000000000256,-500000000000000192,-865,-1101,-1235,-500000000000000000,-500000000000000128
-500000000000000064,-781,-1095,-972,-1120,-500000000000000064,-500000000000000128
-500000000000000064,-663,-1030,-1086,-1068,-500000000000000128,-500000000000000064
-548,-908,-899,-1003,-1251,-500000000000000256,-500000000000000064
-424,-905,-992,-905,-1127,-500000000000000064,-500000000000000064
-530,-874,-970,-855,-1115,-500000000000000064,-500000000000000128
-536,-795,-723,-1041,-1129,-500000000000000064,-500000000000000192
-397,-679,-778,-940,-1422,-500000000000000064,-500000000000000128
-799,-510,-826,-897,-1208,-500000000000000256,-500000000000000064
-302,-697,-712,-874,-1308,-500000000000000128,-500000000000000128
-343,-641,-816,-812,-1202,-500000000000000128,-500000000000000064
-311,-637,-696,-834,-1260,-500000000000000192,-500000000000000064
-321,-855,-795,-950,-1142,-500000000000000064,-500000000000000064
-512,-644,-779,-1064,-1279,-500000000000000064,-500000000000000192
-317,-806,-806,-797,-1300,-500000000000000064,-500000000000000128
-775,-608,-938,-1019,-1059,-500000000000000064,-500000000000000064
-446,-825,-787,-973,-1253,-500000000000000128,-500000000000000064
-408,-829,-835,-985,-1207,-500000000000000192,-500000000000000128
-501,-769,-775,-911,-1183,-500000000000000064,-500000000000000128
-431,-691,-895,-1092,-1227,-500000000000000064,-500000000000000064
-460,-787,-886,-1008,-1027,-500000000000000064,-500000000000000064
-408,-818,-599,-985,-1445,-500000000000000064,-500000000000000128
-285,-595,-619,-839,-1058,-500000000000000320,-500000000000000064
-447,-690,-782,-857,-1281,-500000000000000000,-500000000000000128
-349,-805,-919,-906,-1059,-500000000000000128,-500000000000000064
-436,-725,-905,-898,-500000000000000128,-500000000000000064,-500000000000000064
-618,-830,-736,-1057,-500000000000000256,-500000000000000192,-500000000000000064
-476,-678,-911,-973,-500000000000000064,-500000000000000000,-500000000000000128
-342,-691,-791,-500000000000000320,-500000000000000192,-500000000000000192,-500000000000000128
-491,-704,-761,-500000000000000320,-500000000000000000,-500000000000000064,-500000000000000192
-304,-732,-801,-500000000000000000,-500000000000000128,-500000000000000000,-500000000000000064
-500000000000000192,-500000000000000192,-426,-957,-939,-500000000000000064,-500000000000000064
-500000000000000128,-246,-825,-910,-902,-500000000000000128,-500000000000000064
-500000000000000128,-309,-814,-820,-960,-500000000000000128,-500000000000000064
-660,-243,-778,-775,-955,-500000000000000064,-500000000000000064
-467,-657,-671,-691,-915,-500000000000000128,-500000000000000128
-591,-665,-452,-606,-844,-500000000000000192,-500000000000000192
-146,-705,-661,-691,-1061,-500000000000000128,-500000000000000192
-561,-234,-511,-653,-873,-500000000000000064,-500000000000000064
-172,-512,-536,-583,-977,-500000000000000064,-500000000000000000
-84,-544,-614,-676,-816,-500000000000000064,-500000000000000128
-52,-518,-551,-796,-1160,-500000000000000320,-500000000000000064
-81,-635,-651,-670,-1032,-500000000000000064,-500000000000000064
-318,-474,-669,-688,-883,-500000000000000064,-500000000000000064
-191,-598,-490,-797,-864,-500000000000000064,-500000000000000064
-148,-571,-484,-704,-821,-500000000000000064,-500000000000000128
-140,-470,-365,-589,-927,-500000000000000000,-500000000000000192
-79,-318,-435,-684,-919,-500000000000000064,-500000000000000000
-122,-439,-700,-656,-854,-500000000000000064,-500000000000000128
-29,-466,-488,-604,-848,-500000000000000064,-500000000000000064
-82,-484,-430,-664,-890,-500000000000000064,-500000000000000064
-95,-460,-508,-582,-980,-500000000000000128,-500000000000000064
-249,-331,-402,-538,-831,-500000000000000064,-500000000000000064
-50,-528,-449,-587,-818,-500000000000000000,-500000000000000064
-87,-583,-521,-594,-944,-500000000000000128,-500000000000000064
-67,-440,-434,-573,-946,-500000000000000064,-500000000000000064
-40,-339,-485,-674,-500000000000000000,-500000000000000064,-500000000000000064
-27,-458,-379,-772,-500000000000000064,-500000000000000064,-500000000000000256
-125,-387,-567,-792,-500000000000000064,-500000000000000128,-500000000000000000
-226,-367,-386,-500000000000000128,-500000000000000064,-500000000000000064,-500000000000000064
-210,-359,-371,-500000000000000000,-500000000000000064,-500000000000000000,-500000000000000064
-136,-489,-388,-500000000000000064,-500000000000000064,-500000000000000064,-500000000000000064
-500000000000000192,-500000000000000192,-119,-497,-745,-500000000000000064,-500000000000000128
-500000000000000320,-166,-712,-540,-740,-500000000000000064,-500000000000000064
-500000000000000256,-105,-601,-596,-718,-500000000000000000,-500000000000000192
-529,-62,-459,-526,-735,-500000000000000064,-500000000000000064
-565,-43,-508,-505,-613,-500000000000000064,-500000000000000192
-563,-85,-482,-475,-789,-500000000000000128,-500000000000000256
-527,-224,-446,-1097,-931,-500000000000000128,-500000000000000064
-439,-419,-210,-491,-604,-500000000000000000,-500000000000000064
-940,-84,-848,-611,-605,-500000000000000064,-500000000000000064
-181,-370,-448,-543,-716,-500000000000000000,-500000000000000128
-499,-83,-327,-554,-627,-500000000000000064,-500000000000000128
-244,-744,-496,-463,-717,-500000000000000000,-500000000000000064
-394,-93,-414,-404,-791,-500000000000000000,-500000000000000000
-348,-306,-301,-422,-645,-500000000000000000,-500000000000000000
-347,-124,-529,-449,-650,-500000000000000064,-500000000000000000
-475,-530,-432,-445,-628,-500000000000000000,-500000000000000064
-216,-134,-403,-445,-642,-500000000000000000,-500000000000000064
-236,-422,-580,-507,-668,-500000000000000064,-500000000000000064
-237,-483,-411,-450,-679,-500000000000000064,-500000000000000064
-274,-435,-350,-360,-681,-500000000000000000,-500000000000000000
-280,-190,-299,-409,-643,-500000000000000064,-500000000000000064
-265,-84,-306,-461,-687,-500000000000000064,-500000000000000064
-195,-53,-254,-484,-714,-500000000000000064,-500000000000000064
-437,-27,-313,-427,-668,-500000000000000064,-500000000000000064
-368,-45,-241,-555,-712,-500000000000000064,-500000000000000064
-340,-109,-188,-439,-618,-500000000000000064,-500000000000000064
-326,-124,-342,-540,-500000000000000064,-500000000000000128,-500000000000000128
-239,-81,-396,-497,-500000000000000064,-500000000000000192,-500000000000000064
-553,-621,-174,-500000000000000128,-500000000000000064,-500000000000000064,-500000000000000128
-149,-477,-409,-500000000000000128,-500000000000000064,-500000000000000128,-500000000000000064
-383,-204,-229,-500000000000000064,-500000000000000064,-500000000000000064,-500000000000000128
-500000000000000512,-500000000000000128,-706,-138,-857,-500000000000000064,-500000000000000192
-500000000000000384,-884,-848,-420,-839,-500000000000000064,-500000000000000064
-809,-619,-780,-329,-653,-500000000000000128,-500000000000000064
-813,-204,-811,-624,-577,-500000000000000128,-500000000000000256
-354,-683,-856,-758,-799,-500000000000000000,-500000000000000256
-685,-800,-810,-300,-592,-500000000000000064,-500000000000000064
-500,-966,-430,-17,-793,-500000000000000064,-500000000000000064
-678,-742,-538,-212,-771,-500000000000000064,-500000000000000384
-661,-682,-557,-643,-734,-500000000000000064,-500000000000000064
-724,-832,-769,-222,-824,-500000000000000064,-500000000000000256
-767,-455,-740,-708,-816,-500000000000000064,-500000000000000064
-684,-783,-642,-124,-768,-500000000000000128,-500000000000000064
-942,-1028,-728,-518,-943,-500000000000000128,-500000000000000512
-683,-998,-758,-214,-664,-500000000000000064,-500000000000000064
-836,-1013,-796,-445,-777,-500000000000000128,-500000000000000128
-796,-686,-747,-724,-737,-500000000000000128,-500000000000000128
-815,-646,-696,-236,-775,-500000000000000192,-500000000000000256
-550,-638,-782,-177,-777,-500000000000000064,-500000000000000128
-826,-651,-588,-174,-633,-500000000000000064,-500000000000000320
-830,-231,-714,-738,-988,-500000000000000128,-500000000000000064
-592,-800,-603,-201,-751,-500000000000000384,-500000000000000192
-911,-326,-792,-332,-525,-500000000000000064,-500000000000000256
-781,-871,-630,-249,-631,-500000000000000512,-500000000000000192
-869,-699,-688,-75,-728,-500000000000000128,-500000000000000256
-923,-750,-1069,-320,-568,-500000000000000064,-500000000000000128
-652,-748,-608,-64,-500000000000000064,-500000000000000064,-500000000000000192
-543,-1016,-1023,-38,-500000000000000064,-500000000000000064,-500000000000000000
-537,-781,-760,-147,-500000000000000000,-500000000000000000,-500000000000000256
-832,-822,-457,-500000000000000320,-500000000000000064,-500000000000000064,-500000000000000128
-821,-265,-818,-500000000000000064,-500000000000000064,-500000000000000064,-500000000000000128
-1010,-236,-1029,-500000000000000064,-500000000000000192,-500000000000000064,-500000000000000064
-500000000000000064,-500000000000000128,-1122,-409,-1126,-500000000000000128,-500000000000000320
-500000000000000192,-1229,-1232,-826,-898,-500000000000000384,-500000000000000832
-500000000000000064,-1198,-1068,-1055,-424,-500000000000000192,-500000000000000064
-1272,-1218,-1047,-287,-1023,-500000000000000128,-500000000000000832
-1370,-1010,-1221,-682,-978,-500000000000000192,-500000000000000128
-1273,-1131,-1120,-1107,-31,-500000000000000192,-500000000000000320
-1360,-452,-1059,-1013,-1026,-500000000000000192,-500000000000000320
-1000,-1300,-1212,-1199,-393,-500000000000000576,-500000000000000320
-1386,-1033,-1102,-1066,-76,-500000000000000256,-500000000000000128
-1298,-1043,-1057,-767,-977,-500000000000000064,-500000000000000256
-1211,-1030,-1157,-972,-374,-500000000000000256,-500000000000000512
-1021,-1219,-1071,-1035,-522,-500000000000000256,-500000000000000064
-968,-1217,-1092,-247,-1058,-500000000000000128,-500000000000000192
-949,-1169,-1092,-493,-1071,-500000000000000256,-500000000000000064
-1074,-1195,-743,-319,-1057,-500000000000000192,-500000000000000256
-1374,-805,-781,-1016,-926,-500000000000000128,-500000000000000256
-940,-911,-1185,-905,-306,-500000000000000320,-500000000000000320
-1167,-1112,-1068,-438,-1098,-500000000000000384,-500000000000000384
-1147,-1258,-1123,-1100,-365,-500000000000000192,-500000000000000000
-1008,-1013,-476,-914,-1012,-500000000000000000,-500000000000000384
-1187,-1300,-1133,-929,-47,-500000000000000192,-500000000000000128
-1345,-1135,-1062,-972,-299,-500000000000000064,-500000000000000064
-1241,-896,-912,-179,-1053,-500000000000000064,-500000000000000256
-929,-1044,-1029,-532,-667,-500000000000000064,-500000000000000256
-1252,-866,-899,-869,-66,-500000000000000512,-500000000000000256
-1068,-970,-894,-231,-500000000000000256,-500000000000000128,-500000000000000192
-906,-377,-1031,-736,-500000000000000256,-500000000000000064,-500000000000000064
-843,-742,-507,-137,-500000000000000064,-500000000000000128,-500000000000000064
-1015,-981,-894,-123,-500000000000000064,-500000000000000192,-500000000000000064
-1213,-1304,-988,-230,-500000000000000128,-500000000000000128,-500000000000000000
-787,-1178,-1050,-435,-500000000000000128,-500000000000000000,-500000000000000128
-500000000000000128,-500000000000000768,-1238,-1207,-654,-500000000000000128,-500000000000000064
-500000000000000448,-1354,-1428,-1221,-589,-500000000000000576,-500000000000000576
-500000000000000576,-1468,-1699,-1163,-610,-500000000000000256,-500000000000000128
-1165,-1235,-1371,-1192,-928,-500000000000000384,-500000000000000640
-1496,-1350,-1333,-1006,-544,-500000000000000640,-500000000000000576
-1297,-1330,-1284,-1144,-422,-500000000000000512,-500000000000000896
-1505,-1385,-1308,-1251,-510,-500000000000000448,-500000000000000832
-1696,-1328,-1623,-1223,-734,-500000000000000576,-500000000000000640
-1243,-1524,-1370,-1219,-760,-500000000000000640,-500000000000000512
-1460,-1053,-1200,-1162,-987,-500000000000000768,-500000000000000704
-1412,-1251,-1126,-1343,-847,-500000000000000704,-500000000000000192
-1779,-1187,-1350,-1176,-909,-500000000000000704,-500000000000000512
-1260,-1422,-1162,-1305,-501,-500000000000000640,-500000000000000000
-1362,-1128,-1064,-1187,-176,-500000000000000128,-500000000000000576
-1111,-1302,-1170,-1228,-378,-500000000000000704,-500000000000000512
-1258,-1218,-1288,-1205,-985,-500000000000000576,-500000000000000256
-1235,-1538,-1352,-1279,-292,-500000000000000064,-500000000000000064
-1446,-1085,-1399,-1171,-718,-500000000000000704,-500000000000000896
-1157,-1598,-1213,-1225,-375,-500000000000000512,-500000000000000000
-1289,-1343,-1381,-1304,-760,-500000000000000768,-500000000000000384
-1628,-1481,-1280,-1151,-149,-500000000000000128,-500000000000000640
-1153,-1642,-1241,-1210,-639,-500000000000000320,-500000000000000704
-1757,-1487,-1295,-1175,-560,-500000000000000192,-500000000000000064
-1307,-800,-1388,-1164,-1034,-500000000000000064,-500000000000000064
-1210,-1323,-1479,-984,-75,-500000000000000192,-500000000000000064
-969,-1136,-1313,-1331,-53,-500000000000000448,-500000000000000320
-1107,-1309,-1187,-1112,-273,-500000000000000192,-500000000000000064
-1096,-1357,-1164,-1159,-187,-500000000000000064,-500000000000000064
-1131,-1330,-1364,-368,-1065,-500000000000000384,-500000000000000064
-1013,-1633,-1049,-1154,-523,-500000000000000512,-500000000000000128
-1451,-1115,-1079,-1317,-83,-500000000000000128,-500000000000000256
-500000000000000576,-500000000000000704,-1585,-1199,-1016,-724,-500000000000000192
-500000000000000576,-1528,-1825,-1132,-1087,-682,-500000000000000128
-2026,-1847,-1305,-1205,-1129,-523,-500000000000000320
-1391,-1446,-1709,-1411,-1192,-472,-500000000000000448
-1234,-989,-1591,-1110,-1147,-580,-500000000000000128
-1909,-1665,-1312,-1347,-1244,-86,-500000000000000192
-1674,-1395,-1425,-1304,-1249,-280,-500000000000000768
-1841,-1226,-1509,-1099,-1141,-637,-500000000000000192
-1801,-1408,-1588,-1086,-1099,-812,-500000000000000640
-1431,-1364,-1630,-1348,-1153,-612,-500000000000001024
-1304,-1211,-1693,-1121,-1186,-157,-500000000000000256
-1341,-1765,-1413,-1463,-672,-500000000000000704,-500000000000000768
-1661,-1820,-1739,-1465,-1538,-500000000000000448,-500000000000000896
-1347,-1425,-1595,-1376,-1159,-849,-500000000000000896
-1402,-1688,-1484,-1660,-1103,-713,-500000000000000128
-1881,-1745,-1662,-1485,-955,-674,-500000000000000640
-1887,-1818,-1571,-1586,-1150,-500000000000000704,-500000000000000256
-1629,-1595,-1771,-1599,-941,-500000000000000704,-500000000000000640
-1790,-1943,-1597,-1592,-444,-500000000000000000,-500000000000000576
-1848,-1814,-1427,-1534,-826,-500000000000000000,-500000000000000576
-1876,-1737,-1618,-1567,-945,-456,-500000000000000832
-1534,-1635,-1441,-1528,-957,-500000000000000128,-500000000000000704
-1868,-1878,-1705,-1643,-877,-500000000000000704,-500000000000000256
-1310,-1476,-1752,-1503,-919,-500000000000000384,-500000000000000384
-1453,-1873,-1403,-1431,-405,-500000000000000448,-500000000000000320
-1548,-1598,-1610,-1531,-910,-136,-500000000000000128
-1555,-1763,-1433,-1278,-792,-500000000000000064,-500000000000000448
-1253,-1520,-1871,-1604,-1228,-59,-500000000000000192
-1549,-1799,-1480,-1529,-931,-500000000000000128,-500000000000000128
-1234,-1521,-1242,-1201,-1101,-127,-500000000000000192
-1485,-2008,-1496,-1589,-922,-913,-500000000000000320
-500000000000000960,-500000000000000704,-2051,-1776,-1127,-500000000000000832,-500000000000000960
-500000000000000192,-1819,-1793,-1862,-1656,-500000000000000768,-500000000000000704
-500000000000000896,-1896,-1943,-1799,-1551,-500000000000000704,-500000000000000192
-1872,-2349,-1953,-1635,-1182,-500000000000000256,-500000000000000832
-2290,-1641,-1642,-1798,-1446,-500000000000000320,-500000000000000960
-1717,-2025,-1882,-1921,-933,-500000000000000192,-500000000000000704
-1987,-1996,-1894,-1725,-1378,-500000000000000832,-500000000000000256
-1765,-1939,-1844,-1796,-1089,-500000000000000640,-500000000000000768
-2039,-2093,-1740,-1770,-695,-500000000000000320,-500000000000000128
-1690,-2022,-2032,-1763,-1368,-500000000000000832,-500000000000000832
-2075,-1772,-1804,-1867,-1197,-500000000000000448,-500000000000000832
-2371,-2019,-1946,-1750,-1078,-500000000000000256,-500000000000000512
-1859,-2203,-2131,-1874,-1528,-500000000000000832,-500000000000000768
-2081,-1753,-2024,-1723,-1091,-500000000000000128,-500000000000000896
-2352,-1857,-2015,-1859,-747,-500000000000000320,-500000000000000896
-1919,-1865,-1643,-1811,-1066,-500000000000000192,-500000000000001024
-2378,-1802,-1683,-1851,-1685,-500000000000000576,-500000000000000640
-2368,-1921,-2151,-1801,-774,-500000000000000256,-500000000000000832
-2139,-2032,-2033,-1892,-1087,-500000000000000832,-500000000000000896
-2380,-2215,-2158,-1793,-1504,-500000000000000768,-500000000000000064
-2377,-1903,-2047,-1853,-1421,-500000000000000384,-500000000000000704
-2102,-1883,-1814,-1913,-977,-500000000000000704,-500000000000000448
-2131,-1726,-1945,-1916,-1411,-500000000000000832,-500000000000000064
-1869,-1866,-1909,-1769,-1649,-500000000000000000,-500000000000000448
-2333,-1965,-1805,-1775,-1116,-500000000000000576,-500000000000000768
-2151,-2120,-1927,-1682,-977,-500000000000000192,-500000000000000832
-1937,-1813,-1891,-1834,-1544,-500000000000000064,-500000000000000256
-2133,-2239,-1988,-1730,-994,-500000000000000768,-500000000000000064
-2031,-1590,-2003,-1791,-1356,-500000000000000448,-500000000000000192
-2033,-2030,-1837,-1766,-613,-500000000000000064,-500000000000000320
-1661,-1717,-1805,-1719,-1081,-500000000000000064,-500000000000000128
-500000000000000832,-500000000000000320,-2194,-2052,-1513,-500000000000000192,-500000000000000704
-500000000000000064,-2274,-2118,-1495,0,-500000000000000832,0
-2381,-2242,-2309,-2078,-1588,-500000000000000896,-500000000000000832
-2348,-2219,-2160,-1988,-1184,-500000000000000128,-500000000000000896
-2502,-2166,-2267,-2150,-1580,-500000000000000768,-500000000000000896
-2490,-2350,-2088,-2042,-1762,-500000000000000576,-500000000000000704
-2300,-2431,-2208,-1968,-1837,-500000000000000128,-500000000000000832
-2054,-2434,-2168,-2040,-1037,-500000000000001088,-500000000000000064
-2457,-2511,-2336,-2029,-1344,-500000000000000576,-500000000000000512
-2480,-2271,-2326,-2083,-1789,-500000000000000320,-500000000000001024
-2474,-2298,-2202,-2251,-1766,-500000000000000640,-500000000000000832
-2396,-2305,-2252,-2083,-1575,-500000000000001088,-500000000000000192
-2053,-2451,-2098,-2084,-1124,-500000000000000448,-500000000000000448
-2287,-2151,-2319,-2137,-1572,-500000000000000320,-500000000000000768
-2203,-2578,-2187,-2202,-1499,-500000000000000960,-500000000000000832
-2547,-2547,-2430,-2199,-2046,-500000000000000384,-500000000000000256
-2578,-2501,-2317,-2079,-1815,-500000000000001088,-500000000000000576
-2485,-2348,-2166,-2076,-1852,-500000000000000320,-500000000000000960
-2160,-2306,-2166,-2115,-804,-500000000000000512,-500000000000001024
-2550,-2350,-2182,-2198,-1304,-500000000000000704,-500000000000000960
-2746,-2450,-2117,-2066,-1455,-500000000000000320,-500000000000000192
-2508,-2148,-2253,-2198,-1727,-500000000000000064,-500000000000000512
-2663,-2085,-2384,-2192,-1492,-500000000000000576,-500000000000000960
-2682,-2211,-2062,-2109,-991,-500000000000000768,-500000000000000064
-2548,-2509,-2308,-2111,-2008,-500000000000000704,-500000000000000640
-2383,-2043,-2129,-2191,-1037,-500000000000000256,-500000000000000768
-2154,-2419,-2230,-2328,-1573,-500000000000000704,-500000000000000064
-2695,-2204,-2197,-2069,-1028,-500000000000001024,-500000000000000576
-2362,-2482,-2136,-2218,-1033,-500000000000000512,-500000000000000576
-2260,-1996,-2280,-2113,-1201,-500000000000000320,-500000000000000704
-2306,-2162,-2249,-2096,-1697,-500000000000000896,-500000000000000320
-500000000000000832,-500000000000000384,-2378,-1914,-2250,-500000000000000768,-500000000000000640
0,-225000000000001856,-2387,-2234,-1813,0,-500000000000000320
-500000000000000512,-2623,-2454,-2042,-2502,-500000000000000448,-500000000000000832
-2407,-3031,-2355,-2524,-1760,-500000000000000832,-500000000000000448
-2826,-2990,-2461,-2695,-1901,-500000000000000896,-500000000000000576
-2599,-2478,-2215,-2491,-1860,-500000000000000512,-500000000000000832
-2326,-2388,-2354,-2055,-2653,-500000000000000832,-500000000000000896
-2557,-2395,-2421,-2415,-1966,-500000000000000768,-500000000000000128
-2495,-2640,-2762,-2606,-1965,-500000000000000768,-500000000000000064
-2608,-2241,-2331,-2361,-2210,-500000000000000768,-500000000000000640
-2708,-2464,-2553,-2509,-1791,-500000000000001024,-500000000000000960
-3045,-2564,-2468,-2585,-1962,-500000000000000896,-500000000000000768
-2897,-2399,-2332,-2366,-2192,-500000000000000896,-500000000000000704
-2661,-2577,-2737,-2524,-2085,-500000000000000640,-500000000000000064
-2729,-2806,-2574,-2480,-2070,-500000000000000704,-500000000000000384
-2630,-2880,-2384,-2493,-1071,-500000000000001024,-500000000000000640
-2786,-2433,-2440,-2322,-1909,-500000000000000512,-500000000000000640
-2733,-2424,-2618,-2423,-2034,-500000000000000768,-500000000000000768
-2816,-2710,-2665,-2374,-1952,-500000000000000064,-500000000000001088
-2894,-2383,-2527,-2519,-1687,-500000000000001024,-500000000000000384
-2556,-2606,-2561,-2335,-1372,-500000000000000960,-500000000000000000
-2440,-2801,-2568,-2458,-1534,-500000000000000960,-500000000000000960
-2747,-2532,-2588,-2458,-1750,-500000000000000896,-500000000000000576
-2759,-2339,-2535,-2444,-2252,-500000000000001024,-500000000000001024
-2688,-2507,-2289,-2338,-1953,-500000000000000832,-500000000000000768
-2811,-2494,-2553,-2304,-2217,-500000000000000896,-500000000000000832
-2452,-2688,-2751,-2510,-1223,-500000000000000768,-500000000000000192
-2824,-2444,-2604,-2324,-1778,-500000000000000576,-500000000000001024
-2916,-2607,-2771,-2435,-2004,-500000000000000320,-500000000000000960
-2485,-2019,-2506,-2438,-2119,-500000000000001024,-500000000000000832
-2715,-2510,-2402,-2295,-1436,-500000000000000320,-500000000000001024
0,0,-2709,-1601,0,-500000000000000000,0
0,-2340,0,0,-1340,-500000000000000704,-500000000000000064
0,0,-2725,0,0,0,-500000000000000000
-2914,0,0,-1727,0,-500000000000001152,-500000000000000192
-2688,-225000000000002336,-2853,-2828,0,0,0
-2855,-2706,0,0,-1974,-500000000000001024,-500000000000000704
-2728,0,-2758,-2838,-2609,-500000000000000128,-500000000000000576
0,-3027,-3047,0,0,-500000000000000704,-500000000000000512
-3020,0,-2882,-2765,-2144,-500000000000001088,0
-3085,-2827,-2759,-2731,-2213,-500000000000000512,-500000000000000832
-3293,-3037,-2973,-2592,-2034,-500000000000000832,-500000000000000832
-2914,-2812,-2885,-2738,-2219,-500000000000000960,-500000000000001024
-3112,-2914,-2803,-2694,-2294,-500000000000000768,-500000000000000960
-2687,-2752,-2646,-2601,-2338,-500000000000001024,-500000000000001088
-3304,-2838,-2892,-2523,-2404,-500000000000000960,-500000000000000704
-3161,-3019,-2833,-2472,-1943,-500000000000000576,-500000000000000960
-3110,-3165,-2864,-2622,-2478,-500000000000000896,-500000000000001024
-2807,-2757,-2662,-2735,-2141,-500000000000000704,-500000000000001024
-3098,-2757,-3083,-2614,-2304,-500000000000001024,-500000000000001024
-2749,-2769,-2777,-2423,-1957,-500000000000000960,-500000000000000832
-3310,-2991,-2886,-2775,-1892,-500000000000001088,-500000000000000704
-2956,-2578,-2672,-2725,-2274,-500000000000000768,-500000000000000960
-3115,-2904,-2982,-2693,-2064,-500000000000000832,-500000000000000960
-3041,-2628,-2808,-2628,-2500,-500000000000001088,-500000000000001024
-2957,-2867,-2848,-2759,-2394,-500000000000000960,-500000000000000768
-2888,-3139,-2932,-2743,-2127,-500000000000000640,-500000000000000896
-2885,-2983,-2873,-2669,-2283,-500000000000000896,-500000000000000832
-3089,-2848,-2743,-2600,-2547,-500000000000001088,-500000000000000640
-3085,-2926,-2871,-2642,-1713,-500000000000000320,-500000000000000576
-3231,-2941,-2926,-2638,-1910,-500000000000000832,-500000000000000832
-3022,-2727,-2857,-2710,-2205,-500000000000000512,-500000000000000512
0,0,0,0,0,0,0
0,0,0,0,-1547,0,0
0,0,0,0,0,0,0
0,0,0,0,0,0,0
0,0,0,0,0,0,0
0,0,0,-2618,0,0,0
0,-3223,-3348,0,0,0,0
0,-3110,0,0,0,0,0
0,0,0,0,-2804,0,0
0,0,-2978,0,0,0,-500000000000000832
0,0,-2874,0,0,-500000000000000960,-500000000000000512
-3532,-3302,0,0,0,0,-500000000000001344
0,-3052,0,-225000000000002240,-2757,-500000000000001216,-500000000000001152
0,0,-2943,0,-2471,0,-500000000000000000
0,-3386,0,-2859,-2715,0,0
-3548,-3324,-3166,-3023,-2523,-500000000000001088,-500000000000001216
-3093,-3329,-3254,-3047,-2786,-500000000000001280,-500000000000001280
-3321,-3243,0,-3031,-2654,-500000000000001216,-500000000000001216
-3543,-2906,0,-2813,-2604,-500000000000001216,0
-3466,-3339,-3252,-3000,-2745,-500000000000001024,-500000000000001280
-3528,-2879,-3038,-2818,-2772,-500000000000000960,-500000000000000704
-3228,-2909,-3151,-2891,-2329,-500000000000001152,-500000000000001024
-3177,-3242,-3138,-2933,-2518,-500000000000001088,-500000000000001152
-3518,-3001,-3220,-2976,-2180,-500000000000001280,-500000000000000768
-3209,-3235,-3275,-2899,-2407,-500000000000000512,-500000000000000768
-2915,-3336,-3097,-3011,-2314,-500000000000000704,-500000000000001088
-3400,-3088,-2986,-2901,-2349,-500000000000000832,-500000000000000640
-3150,-3389,-3228,-2923,-1783,-500000000000000960,-500000000000000448
-3395,-3217,-3283,-2934,-2501,-500000000000001216,-500000000000000960
-2855,-2897,-2944,-3030,-2643,-500000000000001152,-500000000000000896
-3162,-3275,-3018,-3020,-2342,-500000000000001152,-500000000000000896
0,0,0,0,0,0,0
0,0,0,0,0,0,0
0,0,0,0,0,0,0
0,0,0,0,0,0,0
0,0,0,0,0,0,0
0,0,0,0,0,0,0
0,0,0,0,0,0,0
0,0,0,0,0,0,0
0,0,0,0,0,0,0
0,0,0,0,0,0,0
0,0,0,0,0,0,0
0,0,0,0,0,0,0
0,0,0,0,0,0,0
0,0,0,0,0,0,0
0,0,0,0,0,0,0
0,0,0,0,0,0,0
0,0,0,0,0,0,0
0,0,0,0,0,0,0
0,0,0,0,0,0,0
0,0,0,0,0,0,0
0,0,0,0,0,0,0
0,0,0,0,0,0,0
0,0,0,0,0,0,0
0,0,0,0,0,0,0
0,0,0,0,0,0,0
0,0,0,0,0,0,0
0,0,0,0,0,0,0
0,0,0,0,0,0,0
0,0,0,0,0,0,0
0,0,0,0,0,0,0
0,0,0,0,0,0,0
0,0,0,0,0,0,0
0,0,0,0,0,0,0
0,0,0,0,0,0,0
0,0,0,0,0,0,0
0,0,0,0,0,0,0
0,0,0,0,0,0,0
0,0,0,0,0,0,0
0,0,0,0,0,0,0
0,0,0,0,0,0,0
0,0,0,0,0,0,0
0,0,0,0,0,0,0
0,0,0,0,0,0,0
0,0,0,0,0,0,0
0,0,0,0,0,0,0
0,0,0,0,0,0,0
0,0,0,0,0,0,0
0,0,0,0,0,0,0
0,0,0,0,0,0,0
0,0,0,0,0,0,0
0,0,0,0,0,0,0
0,0,0,0,0,0,0
0,0,0,0,0,0,0
0,0,0,0,0,0,0
0,0,0,0,0,0,0
0,0,0,0,0,0,0
0,0,0,0,0,0,0
0,0,0,0,0,0,0
0,0,0,0,0,0,0
0,0,0,0,0,0,0
0,0,0,0,0,0,0
0,0,0,0,0,0,0
